<?xml version="1.0" encoding="UTF-8"?>
<!--
  VeggieShop :: Platform Domain (Enterprise-grade)
  - Pure domain library (framework-agnostic, no Spring hard deps)
  - Keep transitive footprint minimal; APIs only with scope=provided
  - Logging API only (SLF4J); tests minimal and framework-free
-->
<project xsi:schemaLocation="http://maven.apache.org/POM/4.0.0 https://maven.apache.org/xsd/maven-4.0.0.xsd" xmlns="http://maven.apache.org/POM/4.0.0"
    xmlns:xsi="http://www.w3.org/2001/XMLSchema-instance">
  <modelVersion>4.0.0</modelVersion>
  <groupId>io.veggieshop</groupId>
  <artifactId>platform-domain</artifactId>
  <version>1.0.0-SNAPSHOT</version>
  <name>VeggieShop :: Platform Domain</name>
  <description>Shared domain primitives for tenancy, security, consistency, idempotency, audit, and error types.</description>
  <url>https://github.com/abuRizq/veggieshop-platform</url>
  <licenses>
    <license>
      <name>Apache License, Version 2.0</name>
      <url>https://www.apache.org/licenses/LICENSE-2.0.txt</url>
      <distribution>repo</distribution>
    </license>
  </licenses>
  <developers>
    <developer>
      <id>abuRizq</id>
      <name>abuRizq</name>
      <email>mabumohsen2@smail.ucas.edu.ps</email>
      <roles>
        <role>owner</role>
        <role>maintainer</role>
      </roles>
      <timezone>+03:00</timezone>
    </developer>
  </developers>
  <scm>
    <connection>scm:git:https://github.com/abuRizq/veggieshop-platform.git/platform-domain</connection>
    <developerConnection>scm:git:ssh://git@github.com/abuRizq/veggieshop-platform.git/platform-domain</developerConnection>
    <url>https://github.com/abuRizq/veggieshop-platform/platform-domain</url>
  </scm>
  <issueManagement>
    <system>GitHub Issues</system>
    <url>https://github.com/abuRizq/veggieshop-platform/issues</url>
  </issueManagement>
  <ciManagement>
    <system>GitHub Actions</system>
    <url>https://github.com/abuRizq/veggieshop-platform/actions</url>
  </ciManagement>
  <dependencies>
    <dependency>
      <groupId>org.slf4j</groupId>
      <artifactId>slf4j-api</artifactId>
      <version>2.0.17</version>
      <scope>provided</scope>
    </dependency>
    <dependency>
      <groupId>jakarta.validation</groupId>
      <artifactId>jakarta.validation-api</artifactId>
      <version>3.0.2</version>
      <scope>provided</scope>
    </dependency>
    <dependency>
      <groupId>org.jspecify</groupId>
      <artifactId>jspecify</artifactId>
      <version>1.0.0</version>
      <scope>provided</scope>
      <optional>true</optional>
    </dependency>
    <dependency>
      <groupId>com.github.spotbugs</groupId>
      <artifactId>spotbugs-annotations</artifactId>
      <version>4.8.6</version>
      <scope>provided</scope>
      <optional>true</optional>
    </dependency>
    <dependency>
      <groupId>com.google.errorprone</groupId>
      <artifactId>error_prone_annotations</artifactId>
      <version>2.27.0</version>
      <scope>provided</scope>
      <optional>true</optional>
    </dependency>
    <dependency>
      <groupId>org.projectlombok</groupId>
      <artifactId>lombok</artifactId>
      <version>1.18.34</version>
      <scope>provided</scope>
      <optional>true</optional>
    </dependency>
    <dependency>
      <groupId>org.mapstruct</groupId>
      <artifactId>mapstruct</artifactId>
      <version>1.6.2</version>
      <scope>provided</scope>
      <optional>true</optional>
    </dependency>
  </dependencies>
</project>
